product_name,sku,service
Servis Asah Pisau (Tambahan Perkhidmatan Lain - Setiap 10 Minit),GE-AA.TP,Sharpening
Servis Asah Pisau (ADD ON: EXPRESS),GE-AON:EXPRESS,Sharpening
Gearevo Sandwich Style For Kydex Sheath (8-9 Inch),GE-SAND.8-9,Kydex
Gearevo Sandwich Style For Kydex Sheath (5-7 Inch),GE-SAND.5-7,Kydex
Gearevo Sandwich Style For Kydex Sheath (10-14 Inch),GE-SAND.10-14,Kydex
LASER ENGRAVING SERVICE - 4TH TO 50TH KNIFE SAME NAME,GE-LENG,Engraving
LASER ENGRAVING - 1ST TO 3RD KNIFE,GE-LENG1,Engraving
Servis Asah Pisau Perbaiki Sumbing Bilah 6-9 Inci (1-3mm),GE-PS.6-9,Sharpening
Servis Asah Pisau Perbaiki Sumbing Bilah 10-14 Inci (1-3mm),GE-PS.10-14,Sharpening
Servis Asah Pisau Perbaiki Sumbing - Bilah Kurang 6 Inci (1-3mm),GE-PS.0-6,Sharpening
Servis Asah Pisau (Asahan Asas - Bilah Kurang 6 Inci),GE-AA.0-6,Sharpening
Servis Asah Pisau (Asahan Asas - Bilah 6-9 Inci),GE-AA.6-9,Sharpening
Servis Asah Pisau (Asahan Asas - Bilah 10-14 Inci),GE-AA.10-14,Sharpening
Gearevo Kydex Sheath Infantry Green (8-9 Inch),GE-KYIGRN.8-9,Kydex
Gearevo Kydex Sheath Infantry Green (5-7 Inch),GE-KYIGRN.5-7,Kydex
Gearevo Kydex Sheath Infantry Green (10-14 Inch),GE-KYIGRN.10-14,Kydex
Gearevo Kydex Sheath Hunter Orange (8-9 Inch),GE-KYHO.8-9,Kydex
Gearevo Kydex Sheath Hunter Orange (5-7 Inch),GE-KYHO.5-7,Kydex
Gearevo Kydex Sheath Hunter Orange (10-14 Inch),GE-KYHO.10-14,Kydex
Gearevo Kydex Sheath Olive Drab (8-9 Inch),GE-KYOD.8-9,Kydex
Gearevo Kydex Sheath Olive Drab (5-7 Inch),GE-KYOD.5-7,Kydex
Gearevo Kydex Sheath Olive Drab (10-14 Inch),GE-KYOD.10-14,Kydex
Gearevo Kydex Sheath Raptor Brown (8-9 Inch),GE-KYRBWN.8-9,Kydex
Gearevo Kydex Sheath Raptor Brown (5-7 Inch),GE-KYRBWN.5-7,Kydex
Gearevo Kydex Sheath Raptor Brown (10-14 Inch),GE-KYRBWN.10-14,Kydex
Gearevo Kydex Sheath Coyote Brown (8-9 Inch),GE-KYCB.8-9,Kydex
Gearevo Kydex Sheath Coyote Brown (5-7 Inch),GE-KYCB.5-7,Kydex
Gearevo Kydex Sheath Coyote Brown (10-14 Inch),GE-KYCB.10-14,Kydex
Gearevo Kydex Sheath Chocolate Brown (8-9 Inch),GE-KYCHOB.8-9,Kydex
Gearevo Kydex Sheath Chocolate Brown (5-7 Inch),GE-KYCHOB.5-7,Kydex
Gearevo Kydex Sheath Chocolate Brown (10-14 Inch),GE-KYCHOB.10-14,Kydex
Gearevo Kydex Sheath Supercam Camo (8-9 Inch),GE-KYSC.8-9,Kydex
Gearevo Kydex Sheath Supercam Camo (5-7 Inch),GE-KYSC.5-7,Kydex
Gearevo Kydex Sheath Supercam Camo (10-14 Inch),GE-KYSC.10-14,Kydex
Gearevo Kydex Sheath Raptor Black (10-14 Inch),GE-KYRBLK.10-14,Kydex
Gearevo Kydex Sheath Raptor Black (5-7 Inch),GE-KYRBLK.5-7,Kydex
Gearevo Kydex Sheath Raptor Black (8-9 Inch),GE-KYRBLK.8-9,Kydex
Gearevo Kydex Sheath Carbon Fiber (8-9 Inch),GE-KYCF.8-9,Kydex
Gearevo Kydex Sheath Carbon Fiber (5-7 Inch),GE-KYCF.5-7,Kydex
Gearevo Kydex Sheath Carbon Fiber (10-14 Inch),GE-KYCF.10-14,Kydex
Gearevo Kydex Sheath Black (8-9 Inch),GE-KYBLK.8-9,Kydex
Gearevo Kydex Sheath Black (10-14 Inch),GE-KYBLK.10-14,Kydex
Gearevo Kydex Sheath Black (5-7 Inch),GE-KYBLK.5-7,Kydex
Gearevo Belt Loops For Kydex Sheath A,GE-KYBLT.A,Kydex
Gearevo Belt Loops For Kydex Sheath B,GE-KYBLT.B,Kydex
Gearevo Belt Loops For Kydex Sheath C,GE-KYBLT.C,Kydex
